id	chapter	speaker	text
0001	00	내레이터	국민연금을 삼십 년 꼬박꼬박 냈는데, 한 번도 안 낸 옆집보다 기초연금을 덜 받는다면 억울하시겠죠.
0002	00	내레이터	예를 들어 볼게요. 국민연금을 삼십 년 낸 일흔 살 김 씨의 기초연금이 이십오만 칠천 원 남짓이라고 해 볼게요. 국민연금을 한 번도 안 낸 옆집 이 씨는 삼십사만 구천칠백 원을 받고요.
0003	00	내레이터	국민연금을 낸 사람이 손해일까요? 몇 분이면 계산할 수 있어요. 끝까지 보시면 내 기초연금이 깎이는지도 직접 확인하실 수 있어요.
0004	01	내레이터	오늘 말씀드리는 금액과 제도는 모두 이천이십육 년 기준이에요.
0005	01	내레이터	김 씨의 기초연금이 깎인 건 '국민연금 연계감액' 때문이에요. 국민연금을 어느 정도 이상 받으면 기초연금을 조금 덜 드리는 제도예요.
0006	01	내레이터	그런데 국민연금을 받는다고 모두 깎이지는 않아요. 두 줄을 모두 넘어야 깎여요. 하나는 국민연금 오십이만 사천오백오십 원, 다른 하나는 국민연금 안의 '서로 나누는 몫'인 에이급여액 이십육만 이천이백칠십 원이에요.
0007	01	내레이터	김 씨는 국민연금 팔십만 원에 에이급여액 사십만 원이라 두 줄을 다 넘었어요. 이 씨는 국민연금이 없으니 깎일 게 없고요.
0008	01	내레이터	이렇게 국민연금 때문에 기초연금이 깎인 분은 이천이십오 년 말 기준 팔십사만 이천 명이에요. 사 년 전 삼십팔만 구천 명에서 두 배 넘게 늘었어요. 국민연금을 오래 낸 세대가 육십오 세를 넘기면서, 김 씨 같은 분은 앞으로 더 많아질 거예요.
0009	02	내레이터	답은 아니에요예요.
0010	02	내레이터	두 연금을 합쳐 보세요. 김 씨는 국민연금 팔십만 원에 기초연금 이십오만 칠천 원 남짓, 합쳐서 백오만 칠천 원 남짓이에요. 이 씨는 기초연금 삼십사만 구천칠백 원이 전부예요. 김 씨가 한 달에 칠십만 원 넘게, 일 년이면 팔백오십만 원 가까이 더 받아요.
0011	02	내레이터	이건 김 씨만의 이야기가 아니에요. 기초연금은 아무리 깎여도 절반까지만 깎여요. 절반인 십칠만 사천팔백오십 원은 꼭 남아요. 그래서 국민연금을 낸 사람이 안 낸 사람보다 덜 받게 되는 일은 이 제도에서 생기지 않아요.
0012	02	내레이터	김 씨가 억울했던 건 통장에 따로 들어오는 기초연금끼리만 비교했기 때문이에요. 노후에 쓰는 돈은 두 연금을 합친 돈이에요.
0013	02	내레이터	이렇게 노후에 꼭 필요한 돈 이야기, 알찬 정보들 계속 알려 드릴게요. 옆에 무료 구독 꼭 눌러 주세요.
0014	03	내레이터	다만 두 군데는 꼭 확인해 보셔야 해요.
0015	03	내레이터	하나, 국민연금이 오십이만 원 줄을 조금 넘은 분이에요. 이 구간에는 갑자기 확 깎이지 않게 하는 장치가 있는데, 그 대신 국민연금이 늘어난 만큼 기초연금이 줄어서 합계가 팔십칠만 사천 원 남짓에서 멈출 수 있어요. 손해는 아니지만, 더 낸 만큼 더 받지 못하는 거죠. 누가 여기에 해당되는지는 본편에서 계산해 드릴게요.
0016	03	내레이터	둘, 소득과 재산이 기준에 가까운 분이에요. 국민연금은 소득인정액에 백 퍼센트 그대로 잡혀서, 기준을 넘으면 기초연금을 아예 못 받을 수도 있어요.
0017	04	내레이터	이제 약속드린 확인 방법이에요. 세 단계예요.
0018	04	내레이터	첫째, 국민연금공단 누리집 전자민원에서 '연금액 및 에이급여액 조회'로 내 국민연금과 에이급여액을 확인하세요. 어려우시면 가까운 공단 지사에 물어보셔도 돼요.
0019	04	내레이터	둘째, 두 줄과 비교하세요. 국민연금 오십이만 사천오백오십 원, 에이급여액 이십육만 이천이백칠십 원. 하나라도 넘지 않으면 깎이지 않아요.
0020	04	내레이터	셋째, 소득인정액이 혼자 사시면 이백사십칠만 원, 부부는 삼백구십오만 이천 원에 가까우시다면, 주민센터나 공단에서 상담을 받아 보세요.
0021	04	내레이터	정리할게요. 국민연금 때문에 기초연금이 깎여도, 합치면 국민연금을 낸 쪽이 더 받아요. 그러니 국민연금을 그만두는 건 답이 아니에요.
0022	04	내레이터	그런데 오늘 다 못 한 이야기가 있어요.
0023	04	내레이터	이 제도가 처음 나왔을 때, 성실하게 낸 사람을 차별한다는 반발이 거세서 당시 보건복지부 장관이 사의까지 밝혔어요. 그런데도 왜 이 방식이 지금까지 남았을까요?
0024	04	내레이터	그리고 오십 대라면 꼭 궁금하실 질문이 있어요. 어차피 깎인다면, 지금 국민연금을 그만 내는 게 이득일까요?
0025	04	내레이터	국민연금이 오십이만 원을 조금 넘는 분들이 왜 더 내고도 더 못 받는지, 누가 여기에 해당되는지도요. 이 이야기들은 본편에서 하나씩 계산해 드릴게요.
0026	04	내레이터	궁금하시면 댓글 꼭 남겨 주세요. 내 경우는 어떤지, 어떤 제도가 헷갈리시는지 남겨 주시면 골라서 다음 영상에서 계산해 드릴게요.
0027	04	내레이터	앞으로도 노후에 꼭 필요한 알찬 정보들 계속 알려 드릴게요. 옆에 무료 구독 꼭 눌러 주세요.
0028	04	내레이터	이웃의 노후였어요.
