대사 앞 20자	화자
서른 해를 꼬박꼬박 냈는데요. 왜 한	김씨
올해 기초연금이 좀 올랐더라고. 34	이씨
여보, 내가 30년 동안 뭘 한 거야	김씨
거봐. 국민연금 때문이잖아.	김씨
제가 국민연금을 30년 냈는데요, 기	김씨
결국 국민연금을 냈으니까 깎인 거네.	김씨
당신, 이 씨보다 한 달에 70만 원	김씨아내
그래도 9만 원은 9만 원이잖아. 대	김씨
그러니까 당신 국민연금 중에서 다 같	김씨아내
그럼 동네 다른 사람들은 얼마씩 받는	김씨
나는 기초연금이 반토막이야. 그래도 	정씨
그러니까 나는 국민연금이 좀 늘어 봤	한씨
이거 봐. 결국 성실하게 낸 사람 벌	김씨
김 형, 나도 그 돈 받으면서 마음이	이씨
자네 탓이 아니지. 그냥… 이게 우리	김씨
우리 동네만 그런 게 아니었네.	김씨
그래도 말이야. 내가 30년 동안 낸	김씨
당신 30년 동안 헛일한 거 아니에요	김씨아내
김 형, 우리 집은 깎이는 게 아니라	박씨
그럼 우리는 손해 본 거야?	박씨
그러니까 우리 같은 집은 소득인정액부	박씨아내
아버님, 저 요즘 국민연금을 그만 낼	이씨아들
그럼 아버님은 어떻게 하셨으면 좋겠어	이씨아들
그건 내가 직접 계산해서 보여 줄게.	김씨
처음엔 나도 억울했어. 30년 낸 내	김씨
그러니까 자네는 그만두지 마. 덜 낸	김씨
알겠어요. 대신 보험료가 부담되면 공	이씨아들
